# WHERE 명령어

## 일치하는 결과값만 가져오기

```sql
 SELECT * FROM sample21 WHERE no = 2;
```

행 속에서 필요한 데이터만 검색하기 위한 명령어
WHERE구는 생략이 가능하다.

### 결과

```sql
+------+-----------+----------+------------------------+
| no   | name      | birthday | address                |
+------+-----------+----------+------------------------+
|    2 | 김재진      | NULL     | 대구광역시 동구            |
+------+-----------+----------+------------------------+
1 row in set (0.00 sec)
```

## 제외하고 검색하기

```sql
 SELECT * FROM sample21 WHERE no <> 2;
```

### 결과

```sql
+------+-----------+------------+---------------------------+
| no   | name      | birthday   | address                   |
+------+-----------+------------+---------------------------+
|    1 | 박준용      | 1976-10-18 | 대구광역시 수성구             |
|    3 | 홍길동      | NULL       | 서울특별시 마포구             |
+------+-----------+------------+---------------------------+
2 rows in set (0.00 sec)
```

## 문자열 검색하기

```sql
SELECT* FROM sample21 WHERE name='박준용';
```

`(' ')`작은 따옴표로 문자를 묶어서 검색해야 한다.

### 결과

```sql
+------+-----------+------------+---------------------------+
| no   | name      | birthday   | address                   |
+------+-----------+------------+---------------------------+
|    1 | 박준용      | 1976-10-18 | 대구광역시 수성구             |
+------+-----------+------------+---------------------------+
1 row in set (0.00 sec)
```

## NULL값 검색하기

```sql
SELECT* FROM sample21 WHERE birthday IS NULL;
```

NULL인 행은 `=`연산자를 이용하여 검색할 수 없다.  
`IS NULL`을 이용하여 검색해야 한다.

```sql
+------+-----------+----------+---------------------------+
| no   | name      | birthday | address                   |
+------+-----------+----------+---------------------------+
|    2 | 김재진      | NULL     | 대구광역시 동구               |
|    3 | 홍길동      | NULL     | 서울특별시 마포구             |
+------+-----------+----------+---------------------------+
2 rows in set (0.00 sec)
```
